{
  "pair_name": "CR",
  "camera_resolution": {
    "width": 1920,
    "height": 1080
  },
  "chessboard_size": [
    9,
    6
  ],
  "square_size": 0.05,
  "calibration_date": "2025-08-28T11:31:46.431850",
  "left_camera": {
    "intrinsic_matrix": [
      [
        1394.9472952516226,
        0.0,
        953.6042912929107
      ],
      [
        0.0,
        1396.9566032334044,
        504.88902863480934
      ],
      [
        0.0,
        0.0,
        1.0
      ]
    ],
    "distortion_coefficients": [
      [
        0.07948436799571275,
        0.16553186526588926,
        -0.0032424899895393514,
        0.004439654283693247,
        -1.647921544827873
      ]
    ]
  },
  "right_camera": {
    "intrinsic_matrix": [
      [
        1375.2882972442158,
        0.0,
        982.374747189262
      ],
      [
        0.0,
        1391.3424162382394,
        527.7149895667159
      ],
      [
        0.0,
        0.0,
        1.0
      ]
    ],
    "distortion_coefficients": [
      [
        0.17162731074060164,
        -0.5405480493033603,
        -0.0008333592084339773,
        -0.01189407414774033,
        0.40611136288821276
      ]
    ]
  },
  "stereo_calibration": {
    "rotation_matrix": [
      [
        0.9011669697106559,
        -0.008559048498318806,
        -0.43338762717839246
      ],
      [
        0.002997845447202196,
        0.9999041918654004,
        -0.01351369722449738
      ],
      [
        0.43346176950820997,
        0.010878868452377101,
        0.9011062892888981
      ]
    ],
    "translation_vector": [
      [
        -0.21699980315254813
      ],
      [
        -0.0049443485608579715
      ],
      [
        -0.0955201258015547
      ]
    ],
    "essential_matrix": [
      [
        -0.001856831502004496,
        0.09545718527890865,
        -0.005746213643553741
      ],
      [
        0.007981536342469078,
        0.003178273701989317,
        0.23693712806413134
      ],
      [
        0.0038051517378569813,
        -0.2170213317253246,
        0.0007896501468459319
      ]
    ],
    "fundamental_matrix": [
      [
        -5.658648145105618e-08,
        2.9048499469905994e-06,
        -0.0016569411732966206
      ],
      [
        2.404287577818168e-07,
        9.560180583774308e-08,
        0.00967859416597732
      ],
      [
        8.819115903278409e-05,
        -0.011986723959367226,
        1.0
      ]
    ]
  },
  "rectification": {
    "roi1": [
      11,
      287,
      885,
      484
    ],
    "roi2": [
      358,
      327,
      1184,
      415
    ]
  }
}