{
  "pair_name": "LC",
  "camera_resolution": {
    "width": 1920,
    "height": 1080
  },
  "chessboard_size": [
    9,
    6
  ],
  "square_size": 0.05,
  "calibration_date": "2025-08-28T11:31:03.492623",
  "left_camera": {
    "intrinsic_matrix": [
      [
        1377.320586081905,
        0.0,
        959.1528988887153
      ],
      [
        0.0,
        1395.3088904930053,
        520.4644024027966
      ],
      [
        0.0,
        0.0,
        1.0
      ]
    ],
    "distortion_coefficients": [
      [
        0.20731228873154497,
        -0.8000259737691638,
        0.0007381077126123311,
        0.020671459015458225,
        0.8544680872325937
      ]
    ]
  },
  "right_camera": {
    "intrinsic_matrix": [
      [
        1389.4267327466919,
        0.0,
        1015.070930605445
      ],
      [
        0.0,
        1387.7394983387212,
        522.3322394565431
      ],
      [
        0.0,
        0.0,
        1.0
      ]
    ],
    "distortion_coefficients": [
      [
        0.10805164706807198,
        -0.03352791859341018,
        -0.0001597559531239499,
        0.006434027307752476,
        -0.7947846269868633
      ]
    ]
  },
  "stereo_calibration": {
    "rotation_matrix": [
      [
        0.8971820100645294,
        -0.0005716295119314184,
        -0.441660632223738
      ],
      [
        0.006355297670839016,
        0.9999123368552637,
        0.011615885509107539
      ],
      [
        0.4416152748808469,
        -0.01322844829701335,
        0.897106993143832
      ]
    ],
    "translation_vector": [
      [
        -0.22750793628780885
      ],
      [
        0.003354441461152235
      ],
      [
        -0.021658468119037225
      ]
    ],
    "essential_matrix": [
      [
        0.0016190185999293122,
        0.02161219541417753,
        0.0032608751788646764
      ],
      [
        0.08103939185935856,
        -0.0029971963527834194,
        0.21366465336196638
      ],
      [
        -0.004455425190347662,
        -0.22748607472892618,
        -0.0011611814038425042
      ]
    ],
    "fundamental_matrix": [
      [
        2.683521420462262e-08,
        3.5360369220963175e-07,
        -0.00013533445206017462
      ],
      [
        1.3448600799701777e-06,
        -4.909766087627248e-08,
        0.0036193234579202254
      ],
      [
        -0.0008323106699836931,
        -0.0055046904174545445,
        1.0
      ]
    ]
  },
  "rectification": {
    "roi1": [
      483,
      356,
      971,
      364
    ],
    "roi2": [
      992,
      314,
      790,
      419
    ]
  }
}